Parameter,Value
K,738360.4503031508
B,0.11952919596460256
Q,11.952985817759577
M,4.582349209873537
nu,1.4417351734493429
